{
  "IcoMoonType": "selection",
  "icons": [
    {
      "icon": {
        "paths": [
          "M665.728 343.744c46.336-115.84-57.248-134.944-57.248-133.568 32.704-81.792-32.704-136.32-92.672-136.32s-57.248 27.296-57.248 27.296 32.704-6.816 32.704 19.072c0 25.92-30.016 24.544-59.968 54.528-30.016 29.984-15.68 25.92-17.728 25.92 62.336-4.096 98.816 60.32 167.648 36.768-68.16 34.080-84.512-20.096-158.112-22.816-9.536 0-64.064-10.56-64.064 93.696 79.744 9.216 114.496 64.064 222.176 51.808-121.312 44.96-273.28-141.088-294.4 62.688 0 43.616 32.672 65.536 32.672 65.536s377.568 0 376.224 0c74.944-32.704 38.176-151.424-29.984-144.608zM514.304 992l170.496-482.208h-344.736l174.24 482.208z"
        ],
        "attrs": [
          {}
        ],
        "isMulticolor": false,
        "isMulticolor2": false,
        "tags": [
          "ice cream",
          "cone"
        ],
        "grid": 32
      },
      "attrs": [
        {}
      ],
      "properties": {
        "order": 1,
        "id": 0,
        "name": "ice-cream, cone",
        "prevSize": 32
      },
      "setIdx": 0,
      "setId": 7,
      "iconIdx": 0
    },
    {
      "icon": {
        "paths": [
          "M292 554q-50-4-86-41t-36-87q0-46 31-82t77-44q8-90 75-152t159-62 159 62 75 152q46 8 77 44t31 82q0 50-35 87t-85 41l-220 428zM376 530l138 264 136-264q-2-2-7-6t-7-6q-58 36-124 36t-124-36q-2 2-4 5t-4 5-4 2z"
        ],
        "attrs": [
          {}
        ],
        "isMulticolor": false,
        "isMulticolor2": false,
        "tags": [
          "icecream"
        ],
        "grid": 24
      },
      "attrs": [
        {}
      ],
      "properties": {
        "order": 1,
        "id": 0,
        "name": "icecream",
        "prevSize": 24
      },
      "setIdx": 1,
      "setId": 6,
      "iconIdx": 0
    },
    {
      "icon": {
        "paths": [
          "M621.254 877.254l320-320c24.994-24.992 24.994-65.516 0-90.51l-320-320c-24.994-24.992-65.516-24.992-90.51 0-24.994 24.994-24.994 65.516 0 90.51l210.746 210.746h-613.49c-35.346 0-64 28.654-64 64s28.654 64 64 64h613.49l-210.746 210.746c-12.496 12.496-18.744 28.876-18.744 45.254s6.248 32.758 18.744 45.254c24.994 24.994 65.516 24.994 90.51 0z"
        ],
        "tags": [
          "arrow-right",
          "right",
          "next"
        ],
        "defaultCode": 59964,
        "grid": 16,
        "attrs": []
      },
      "attrs": [],
      "properties": {
        "ligatures": "arrow-right2, right4",
        "name": "arrow-right2",
        "order": 54,
        "id": 317,
        "prevSize": 32
      },
      "setIdx": 6,
      "setId": 1,
      "iconIdx": 316
    }
  ],
  "height": 1024,
  "preferences": {
    "showGlyphs": true,
    "showQuickUse": true,
    "showQuickUse2": true,
    "showSVGs": true,
    "fontPref": {
      "prefix": "icon-",
      "metadata": {
        "fontFamily": "icomoon"
      },
      "metrics": {
        "emSize": 1024,
        "baseline": 6.25,
        "whitespace": 50
      },
      "embed": false
    },
    "imagePref": {
      "prefix": "icon-",
      "png": true,
      "useClassSelector": true,
      "color": 0,
      "bgColor": 16777215,
      "classSelector": ".icon",
      "name": "icomoon"
    },
    "historySize": 50,
    "showCodes": true,
    "gridSize": 16
  }
}